{
  "New York, NY": [
    -74.0060152,
    40.7127281
  ],
  "New Jersey, NY": [
    -73.6017362,
    42.0752878
  ],
  "Los Angeles, CA": [
    -118.242766,
    34.0536909
  ],
  "Houston, TX": [
    -95.3676974,
    29.7589382
  ],
  "San Diego, CA": [
    -117.162772,
    32.7174202
  ],
  "Log Angeles, CA": [
    -123.4620374,
    48.1302534
  ],
  "Dallas, TX": [
    -96.7968559,
    32.7762719
  ],
  "Kansas City, MO": [
    -94.5781416,
    39.100105
  ],
  "Chicago, IL": [
    -87.6244212,
    41.8755616
  ]
}